998542,BrandonRodriguez,BrandonRodriguez@gmail.com,123,34,sdlc
959844,ThomasWells,ThomasWells@gmail.com,123,23,sdlc
998243,BrandonJoyce,BrandonJoyce@gmail.com,123,54,sdlc
994843,MichaelMcdonald,MichaelMcdonald@gmail.com,123,69,sdlc
998643,MichaelHenderson,MichaelHenderson@gmail.com,123,75,sdlc
998743,JenniferWagner,JenniferWagner@gmail.com,123,76,sdlc
949843,HunterElliott,HunterElliott@gmail.com,123,92,sdlc
949843,AnthonyBarrett MD,AnthonyBarrettMD@gmail.com,123,82,sdlc
993843,ThomasHurley,ThomasHurley@gmail.com,123,81,sdlc
756657,KevinDiaz,KevinDiaz@gmail.com,123,76,sdlc
867898,RichardHall,RichardHall@gmail.com,123,98,sdlc
323243,AllisonPorter,AllisonPorter@gmail.com,123,45,sdlc
43434,JefferyWarner,JefferyWarner@gmail.com,123,88,sdlc
43432,ChristopherSherman,ChristopherSherman@gmail.com,123,98,sdlc
43421,JamesYoder,JamesYoder@gmail.com,123,87,sdlc
434241,BeckyBrennan,BeckyBrennan@gmail.com,123,46,sdlc
52323,Smith,Smith@gmail.com,123,78,sdlc
897563,klausJ,KlausJ@gmail.com,123,80,sdlc